iccs,sex,unit,geo\time	2018 	2017 	2016 	2015 	2014 	2013 	2012 	2011 	2010 	2009 	2008 
ICCS0101,F,NR,AL	3 	3 	4 	4 	16 	22 	28 	32 	27 	9 	51 
ICCS0101,F,NR,AT	44 	39 	6 	37 	37 	37 	32 	31 	37 	36 	36 
ICCS0101,F,NR,BA	10 	: 	10 	20 	21 	20 	: 	: 	: 	: 	: 
ICCS0101,F,NR,BE	: 	: 	: 	: 	: 	: 	63 	49 	45 	40 	51 
ICCS0101,F,NR,BG	39 	34 	37 	37 	36 	34 	37 	43 	54 	53 	52 
ICCS0101,F,NR,CH	48 	48 	47 	43 	41 	33 	34 	31 	32 	29 	21 
ICCS0101,F,NR,CY	: 	: 	: 	: 	: 	2 	1 	1 	1 	0 	: 
ICCS0101,F,NR,CZ	119 	114 	119 	108 	107 	96 	89 	96 	: 	: 	: 
ICCS0101,F,NR,DE	212 	204 	211 	229 	229 	249 	: 	: 	: 	: 	: 
ICCS0101,F,NR,DK	9 	12 	9 	9 	13 	14 	16 	18 	15 	14 	14 
ICCS0101,F,NR,EE	15 	18 	21 	23 	: 	28 	: 	25 	32 	: 	: 
ICCS0101,F,NR,EL	49 	57 	67 	49 	60 	52 	46 	44 	21 	41 	44 
ICCS0101,F,NR,ES	61 	317 	300 	278 	259 	257 	234 	187 	195 	172 	150 
ICCS0101,F,NR,FI	45 	51 	54 	60 	53 	64 	60 	56 	58 	52 	54 
ICCS0101,F,NR,FR	338 	336 	334 	210 	309 	327 	254 	253 	246 	240 	245 
ICCS0101,F,NR,HR	18 	: 	: 	16 	15 	17 	13 	: 	16 	24 	15 
ICCS0101,F,NR,HU	155 	170 	: 	136 	155 	139 	: 	: 	: 	: 	: 
ICCS0101,F,NR,IE	: 	: 	: 	: 	: 	18 	: 	: 	: 	: 	: 
ICCS0101,F,NR,IS	0 	1 	: 	: 	: 	1 	: 	: 	: 	: 	: 
ICCS0101,F,NR,IT	286 	287 	267 	253 	289 	287 	150 	161 	168 	148 	138 
ICCS0101,F,NR,LI	: 	: 	0 	0 	0 	0 	: 	: 	: 	: 	: 
ICCS0101,F,NR,LT	89 	89 	89 	91 	100 	97 	83 	90 	82 	79 	82 
ICCS0101,F,NR,LU	: 	5 	1 	5 	4 	5 	4 	4 	: 	: 	: 
ICCS0101,F,NR,LV	39 	42 	47 	49 	46 	45 	: 	: 	: 	: 	: 
ICCS0101,F,NR,ME	1 	1 	1 	1 	2 	0 	0 	1 	0 	0 	1 
ICCS0101,F,NR,MT	: 	0 	0 	0 	0 	1 	: 	: 	: 	: 	: 
ICCS0101,F,NR,NO	: 	14 	12 	11 	9 	6 	9 	12 	11 	11 	9 
ICCS0101,F,NR,PL	370 	374 	364 	: 	: 	: 	: 	: 	: 	: 	: 
ICCS0101,F,NR,PT	17 	17 	16 	15 	15 	12 	14 	15 	13 	13 	13 
ICCS0101,F,NR,RO	182 	205 	246 	254 	249 	245 	237 	261 	259 	267 	277 
ICCS0101,F,NR,RS	36 	42 	46 	50 	52 	50 	: 	: 	: 	: 	: 
ICCS0101,F,NR,SE	38 	33 	31 	28 	25 	29 	26 	28 	25 	29 	28 
ICCS0101,F,NR,SI	6 	3 	4 	: 	: 	: 	: 	: 	: 	: 	: 
ICCS0101,F,NR,SK	32 	28 	31 	30 	33 	: 	: 	: 	: 	: 	: 
ICCS0101,F,NR,TR	1187 	: 	1142 	1112 	1072 	1067 	172 	126 	120 	48 	: 
ICCS0101,F,NR,UKC-L	278 	281 	279 	260 	256 	256 	231 	211 	211 	213 	185 
ICCS0101,F,NR,UKM	: 	: 	: 	: 	56 	56 	56 	54 	44 	38 	29 
ICCS0101,F,NR,UKN	9 	9 	7 	9 	11 	11 	8 	7 	6 	6 	: 
ICCS0101,F,NR,XK	15 	13 	: 	11 	14 	16 	23 	20 	16 	12 	: 
ICCS0101,F,P_HTHAB,AL	0.21 	0.21 	0.28 	0.28 	1.11 	: 	: 	2.27 	: 	0.56 	3.22 
ICCS0101,F,P_HTHAB,AT	0.98 	0.87 	0.14 	0.84 	0.85 	0.85 	0.74 	0.72 	0.86 	0.84 	0.84 
ICCS0101,F,P_HTHAB,BE	: 	: 	: 	: 	: 	: 	1.12 	0.88 	0.81 	0.73 	0.94 
ICCS0101,F,P_HTHAB,BG	1.08 	0.93 	1.01 	1.00 	0.97 	0.91 	0.98 	1.14 	1.42 	1.38 	1.35 
ICCS0101,F,P_HTHAB,CH	1.12 	1.13 	1.12 	1.03 	1.00 	0.81 	0.84 	0.78 	0.81 	0.74 	0.54 
ICCS0101,F,P_HTHAB,CY	: 	: 	: 	: 	: 	0.45 	0.23 	0.23 	0.24 	0.00 	: 
ICCS0101,F,P_HTHAB,CZ	2.21 	2.12 	2.22 	2.01 	2.00 	1.79 	1.66 	1.80 	: 	: 	: 
ICCS0101,F,P_HTHAB,DE	0.51 	0.49 	0.51 	0.55 	0.56 	0.61 	: 	: 	: 	: 	: 
ICCS0101,F,P_HTHAB,DK	0.31 	0.42 	0.31 	0.32 	0.46 	0.50 	0.57 	0.64 	0.54 	0.50 	0.51 
ICCS0101,F,P_HTHAB,EE	2.15 	2.58 	3.00 	3.28 	: 	3.98 	: 	3.52 	4.49 	: 	: 
ICCS0101,F,P_HTHAB,EL	0.89 	1.03 	1.21 	0.88 	1.06 	0.92 	0.81 	0.78 	0.37 	0.73 	0.78 
ICCS0101,F,P_HTHAB,ES	0.26 	1.34 	1.27 	1.18 	1.10 	1.08 	0.99 	0.79 	0.83 	0.74 	0.65 
ICCS0101,F,P_HTHAB,FI	1.61 	1.83 	1.94 	2.16 	1.91 	2.32 	2.18 	2.05 	2.13 	1.92 	2.00 
ICCS0101,F,P_HTHAB,FR	0.98 	0.97 	0.97 	0.61 	0.91 	0.97 	0.75 	0.75 	0.74 	0.72 	0.74 
ICCS0101,F,P_HTHAB,HR	0.85 	: 	: 	0.73 	0.68 	0.77 	0.59 	: 	0.72 	1.07 	0.67 
ICCS0101,F,P_HTHAB,HU	3.04 	3.32 	: 	2.64 	3.00 	2.68 	: 	: 	: 	: 	: 
ICCS0101,F,P_HTHAB,IE	: 	: 	: 	: 	: 	0.78 	: 	: 	: 	: 	: 
ICCS0101,F,P_HTHAB,IS	0.00 	0.60 	: 	: 	: 	0.62 	: 	: 	: 	: 	: 
ICCS0101,F,P_HTHAB,IT	0.92 	0.92 	0.86 	0.81 	0.92 	0.93 	0.49 	0.53 	0.55 	0.49 	0.46 
ICCS0101,F,P_HTHAB,LI	: 	: 	0.00 	0.00 	0.00 	0.00 	: 	: 	: 	: 	: 
ICCS0101,F,P_HTHAB,LT	5.89 	5.80 	5.71 	5.78 	6.30 	6.05 	5.12 	5.47 	4.85 	4.62 	4.75 
ICCS0101,F,P_HTHAB,LU	: 	1.70 	0.35 	1.78 	1.46 	1.86 	1.52 	1.56 	: 	: 	: 
ICCS0101,F,P_HTHAB,LV	3.73 	3.98 	4.41 	4.56 	4.24 	4.10 	: 	: 	: 	: 	: 
ICCS0101,F,P_HTHAB,ME	0.32 	0.32 	0.32 	0.32 	0.64 	0.00 	0.00 	0.32 	0.00 	0.00 	0.32 
ICCS0101,F,P_HTHAB,MT	: 	0.00 	0.00 	0.00 	0.00 	0.47 	: 	: 	: 	: 	: 
ICCS0101,F,P_HTHAB,NO	: 	0.54 	0.46 	0.43 	0.35 	0.24 	0.36 	0.49 	0.45 	0.46 	0.38 
ICCS0101,F,P_HTHAB,PL	1.89 	1.91 	1.86 	: 	: 	: 	: 	: 	: 	: 	: 
ICCS0101,F,P_HTHAB,PT	0.31 	0.31 	0.29 	0.28 	0.27 	0.22 	0.25 	0.27 	0.24 	24 	0.24 
ICCS0101,F,P_HTHAB,RO	1.82 	2.04 	2.43 	2.50 	2.44 	2.39 	2.30 	2.37 	2.35 	2.42 	2.51 
ICCS0101,F,P_HTHAB,RS	1.00 	1.16 	1.27 	1.37 	1.42 	1.36 	: 	: 	: 	: 	: 
ICCS0101,F,P_HTHAB,SE	0.75 	0.66 	0.63 	0.57 	0.52 	0.61 	0.55 	0.59 	0.53 	0.62 	0.61 
ICCS0101,F,P_HTHAB,SI	0.58 	0.29 	0.38 	: 	: 	: 	: 	: 	: 	: 	: 
ICCS0101,F,P_HTHAB,SK	1.15 	1.01 	1.12 	1.08 	1.19 	: 	: 	: 	: 	: 	: 
ICCS0101,F,P_HTHAB,TR	2.95 	: 	2.91 	2.87 	2.81 	2.83 	0.46 	0.34 	0.33 	0.13 	: 
ICCS0101,F,P_HTHAB,UKC-L	0.93 	0.95 	0.95 	0.89 	0.88 	0.89 	0.81 	0.74 	0.75 	0.76 	0.66 
ICCS0101,F,P_HTHAB,UKM	: 	: 	: 	: 	2.04 	2.04 	2.05 	1.98 	1.63 	1.41 	1.08 
ICCS0101,F,P_HTHAB,UKN	: 	: 	0.74 	1.17 	1.18 	1.18 	0.86 	0.76 	0.65 	0.66 	: 
ICCS0101,F,P_HTHAB,XK	1.65 	: 	: 	: 	: 	: 	: 	2.25 	1.46 	1.11 	: 
ICCS0101,M,NR,AL	408 	426 	321 	383 	1060 	1140 	1174 	1094 	1140 	1230 	1087 
ICCS0101,M,NR,AT	489 	459 	482 	450 	458 	476 	504 	502 	489 	483 	498 
ICCS0101,M,NR,BA	145 	: 	339 	426 	382 	387 	: 	: 	: 	: 	: 
ICCS0101,M,NR,BE	: 	: 	: 	: 	: 	: 	827 	801 	812 	774 	797 
ICCS0101,M,NR,BG	793 	815 	774 	772 	861 	901 	944 	936 	925 	997 	1026 
ICCS0101,M,NR,CH	429 	484 	498 	498 	454 	467 	462 	456 	455 	459 	447 
ICCS0101,M,NR,CY	: 	: 	: 	: 	: 	16 	19 	18 	18 	17 	: 
ICCS0101,M,NR,CZ	991 	1029 	1073 	770 	1053 	1062 	1021 	1151 	: 	: 	: 
ICCS0101,M,NR,DE	3179 	3155 	3187 	3314 	3450 	3546 	: 	: 	: 	: 	: 
ICCS0101,M,NR,DK	173 	166 	182 	187 	180 	189 	179 	193 	177 	166 	160 
ICCS0101,M,NR,EE	314 	341 	374 	407 	: 	484 	: 	505 	495 	: 	: 
ICCS0101,M,NR,EL	795 	810 	787 	757 	814 	765 	807 	680 	649 	567 	712 
ICCS0101,M,NR,ES	3656 	3498 	3603 	3646 	3550 	3657 	3593 	3038 	3108 	3073 	2822 
ICCS0101,M,NR,FI	434 	457 	476 	544 	548 	557 	542 	548 	541 	539 	522 
ICCS0101,M,NR,FR	4654 	4459 	4626 	2889 	3580 	3764 	3168 	3153 	3157 	3230 	3301 
ICCS0101,M,NR,HR	306 	: 	: 	323 	375 	386 	381 	: 	411 	429 	426 
ICCS0101,M,NR,HU	1475 	1530 	: 	1266 	1382 	1332 	: 	: 	: 	: 	: 
ICCS0101,M,NR,IE	: 	: 	: 	: 	: 	393 	: 	: 	: 	: 	: 
ICCS0101,M,NR,IS	7 	6 	: 	: 	: 	18 	: 	: 	: 	: 	: 
ICCS0101,M,NR,IT	8951 	8914 	8797 	8894 	9105 	9342 	6016 	5911 	5851 	5689 	5415 
ICCS0101,M,NR,LI	: 	: 	1 	0 	1 	1 	: 	: 	: 	: 	: 
ICCS0101,M,NR,LT	1455 	1514 	1570 	1641 	1785 	1817 	1893 	1907 	1800 	1727 	1696 
ICCS0101,M,NR,LU	: 	47 	0 	58 	57 	50 	50 	37 	: 	: 	: 
ICCS0101,M,NR,LV	564 	569 	581 	596 	651 	676 	: 	: 	: 	: 	: 
ICCS0101,M,NR,ME	22 	48 	45 	39 	46 	15 	11 	19 	16 	15 	13 
ICCS0101,M,NR,MT	: 	46 	37 	31 	32 	31 	: 	: 	: 	: 	: 
ICCS0101,M,NR,NO	: 	130 	128 	131 	124 	125 	131 	126 	122 	121 	127 
ICCS0101,M,NR,PL	4021 	3999 	4012 	: 	: 	: 	: 	: 	: 	: 	: 
ICCS0101,M,NR,PT	265 	272 	283 	299 	304 	318 	318 	320 	327 	328 	327 
ICCS0101,M,NR,RO	4829 	5332 	5946 	6194 	6015 	6013 	5361 	5375 	5240 	5292 	5533 
ICCS0101,M,NR,RS	739 	700 	683 	753 	722 	603 	: 	: 	: 	: 	: 
ICCS0101,M,NR,SE	615 	601 	552 	542 	525 	535 	437 	428 	443 	422 	408 
ICCS0101,M,NR,SI	97 	83 	71 	: 	: 	: 	: 	: 	: 	: 	: 
ICCS0101,M,NR,SK	365 	349 	462 	463 	464 	: 	: 	: 	: 	: 	: 
ICCS0101,M,NR,TR	33186 	: 	29070 	27640 	26296 	24668 	6262 	3358 	2838 	1466 	: 
ICCS0101,M,NR,UKC-L	5188 	5195 	5225 	5076 	5015 	5015 	4979 	4829 	4587 	4809 	4395 
ICCS0101,M,NR,UKM	: 	: 	: 	: 	807 	807 	787 	778 	775 	800 	788 
ICCS0101,M,NR,UKN	159 	153 	162 	180 	209 	169 	153 	160 	156 	144 	: 
ICCS0101,M,NR,XK	347 	375 	: 	407 	356 	422 	402 	392 	442 	272 	: 
ICCS0101,M,P_HTHAB,AL	28.36 	29.31 	21.97 	26.21 	72.60 	: 	: 	76.94 	: 	77.62 	68.43 
ICCS0101,M,P_HTHAB,AT	11.27 	10.64 	11.28 	10.73 	11.02 	11.54 	12.30 	12.31 	12.03 	11.91 	12.32 
ICCS0101,M,P_HTHAB,BE	: 	: 	: 	: 	: 	: 	15.17 	14.83 	15.29 	14.69 	15.26 
ICCS0101,M,P_HTHAB,BG	23.17 	23.62 	22.26 	22.04 	24.43 	25.42 	26.47 	26.08 	25.60 	27.42 	28.03 
ICCS0101,M,P_HTHAB,CH	10.20 	11.60 	12.08 	12.22 	11.29 	11.77 	11.78 	11.76 	11.88 	12.12 	11.99 
ICCS0101,M,P_HTHAB,CY	: 	: 	: 	: 	: 	3.80 	4.53 	4.40 	4.50 	4.36 	: 
ICCS0101,M,P_HTHAB,CZ	18.99 	19.79 	20.69 	14.87 	20.40 	20.56 	19.79 	22.36 	: 	: 	: 
ICCS0101,M,P_HTHAB,DE	7.78 	7.75 	7.87 	8.32 	8.72 	9.00 	: 	: 	: 	: 	: 
ICCS0101,M,P_HTHAB,DK	6.01 	5.80 	6.41 	6.65 	6.45 	6.80 	6.47 	7.00 	6.45 	6.08 	5.90 
ICCS0101,M,P_HTHAB,EE	50.56 	55.22 	60.64 	66.21 	: 	78.55 	: 	81.49 	79.74 	: 	: 
ICCS0101,M,P_HTHAB,EL	15.26 	15.51 	15.06 	14.37 	15.32 	14.26 	14.88 	12.47 	11.88 	10.39 	13.07 
ICCS0101,M,P_HTHAB,ES	15.98 	15.32 	15.80 	15.97 	15.52 	15.89 	15.55 	13.18 	13.52 	13.43 	12.49 
ICCS0101,M,P_HTHAB,FI	15.96 	16.85 	17.62 	20.21 	20.44 	20.89 	20.43 	20.77 	20.61 	20.64 	20.10 
ICCS0101,M,P_HTHAB,FR	14.38 	13.80 	14.35 	8.97 	11.21 	11.85 	10.02 	10.02 	10.09 	10.37 	10.66 
ICCS0101,M,P_HTHAB,HR	15.44 	: 	: 	15.84 	18.29 	18.77 	18.47 	: 	19.81 	20.66 	20.51 
ICCS0101,M,P_HTHAB,HU	31.57 	32.73 	: 	26.96 	29.38 	28.24 	: 	: 	: 	: 	: 
ICCS0101,M,P_HTHAB,IE	: 	: 	: 	: 	: 	17.29 	: 	: 	: 	: 	: 
ICCS0101,M,P_HTHAB,IS	3.94 	3.51 	: 	: 	: 	11.15 	: 	: 	: 	: 	: 
ICCS0101,M,P_HTHAB,IT	30.42 	30.27 	29.86 	30.15 	30.88 	32.34 	20.94 	20.58 	20.42 	19.91 	19.06 
ICCS0101,M,P_HTHAB,LI	: 	: 	5.36 	0.00 	5.43 	5.48 	: 	: 	: 	: 	: 
ICCS0101,M,P_HTHAB,LT	112.16 	115.38 	118.08 	121.89 	131.64 	132.74 	136.83 	135.52 	124.12 	117.22 	114.02 
ICCS0101,M,P_HTHAB,LU	: 	15.84 	0.00 	20.57 	20.72 	18.63 	19.10 	14.53 	: 	: 	: 
ICCS0101,M,P_HTHAB,LV	63.40 	63.53 	64.25 	65.41 	70.99 	72.96 	: 	: 	: 	: 	: 
ICCS0101,M,P_HTHAB,ME	7.15 	15.60 	14.62 	12.68 	14.98 	4.89 	3.59 	6.21 	5.24 	4.93 	4.29 
ICCS0101,M,P_HTHAB,MT	: 	19.86 	17.01 	14.44 	15.06 	14.77 	: 	: 	: 	: 	: 
ICCS0101,M,P_HTHAB,NO	: 	4.91 	4.88 	5.04 	4.83 	4.93 	5.24 	5.12 	5.03 	5.05 	5.38 
ICCS0101,M,P_HTHAB,PL	21.88 	21.76 	21.83 	: 	: 	: 	: 	: 	: 	: 	: 
ICCS0101,M,P_HTHAB,PT	5.44 	5.57 	5.77 	6.07 	6.13 	6.37 	6.32 	6.33 	6.46 	6.47 	6.45 
ICCS0101,M,P_HTHAB,RO	50.55 	55.53 	61.62 	63.81 	61.72 	61.60 	51.95 	48.91 	47.59 	48.00 	50.13 
ICCS0101,M,P_HTHAB,RS	21.67 	20.41 	19.82 	21.74 	20.75 	17.24 	: 	: 	: 	: 	: 
ICCS0101,M,P_HTHAB,SE	12.10 	11.99 	11.19 	11.12 	10.90 	11.23 	9.25 	9.13 	9.53 	9.17 	8.94 
ICCS0101,M,P_HTHAB,SI	9.44 	8.10 	6.94 	: 	: 	: 	: 	: 	: 	: 	: 
ICCS0101,M,P_HTHAB,SK	13.74 	13.16 	17.46 	17.52 	17.58 	: 	: 	: 	: 	: 	: 
ICCS0101,M,P_HTHAB,TR	81.87 	: 	73.57 	70.90 	68.35 	64.99 	16.68 	9.07 	7.78 	4.08 	: 
ICCS0101,M,P_HTHAB,UKC-L	17.80 	17.96 	18.21 	17.85 	17.80 	17.94 	17.95 	17.56 	16.83 	17.80 	16.40 
ICCS0101,M,P_HTHAB,UKM	: 	: 	: 	: 	31.14 	31.26 	30.58 	30.40 	30.51 	31.70 	31.45 
ICCS0101,M,P_HTHAB,UKN	: 	: 	19.06 	23.05 	23.18 	18.87 	17.15 	18.04 	17.70 	16.46 	: 
ICCS0101,M,P_HTHAB,XK	39.07 	: 	: 	: 	: 	: 	: 	43.35 	39.63 	24.70 	: 
ICCS0101,T,NR,AL	411 	429 	325 	387 	1076 	1162 	1202 	1126 	1167 	1239 	1138 
ICCS0101,T,NR,AT	528 	498 	488 	487 	495 	513 	536 	533 	526 	519 	534 
ICCS0101,T,NR,BA	155 	357 	349 	446 	403 	407 	: 	: 	: 	: 	: 
ICCS0101,T,NR,BE	: 	: 	: 	: 	: 	: 	890 	850 	857 	814 	848 
ICCS0101,T,NR,BG	832 	849 	811 	809 	897 	935 	981 	979 	979 	1050 	1078 
ICCS0101,T,NR,CH	477 	532 	545 	541 	495 	500 	496 	487 	487 	488 	468 
ICCS0101,T,NR,CY	: 	: 	: 	: 	: 	18 	20 	19 	19 	17 	: 
ICCS0101,T,NR,CZ	1110 	1143 	1192 	878 	1160 	1158 	1110 	1247 	: 	: 	: 
ICCS0101,T,NR,DE	3391 	3359 	3398 	3543 	3679 	3795 	: 	: 	: 	: 	: 
ICCS0101,T,NR,DK	182 	178 	191 	196 	193 	203 	195 	211 	192 	180 	174 
ICCS0101,T,NR,EE	329 	359 	395 	430 	488 	512 	517 	530 	527 	574 	620 
ICCS0101,T,NR,EL	844 	867 	854 	806 	874 	817 	853 	724 	670 	608 	756 
ICCS0101,T,NR,ES	3717 	3815 	3903 	3924 	3809 	3914 	3827 	3225 	3303 	3245 	2972 
ICCS0101,T,NR,FI	479 	508 	530 	604 	601 	621 	602 	604 	599 	591 	576 
ICCS0101,T,NR,FR	4992 	4795 	4960 	3099 	3889 	4091 	3422 	3406 	3403 	3470 	3546 
ICCS0101,T,NR,HR	324 	: 	: 	339 	390 	403 	394 	: 	427 	453 	441 
ICCS0101,T,NR,HU	1630 	1700 	: 	1402 	1537 	1471 	: 	: 	: 	: 	: 
ICCS0101,T,NR,IE	: 	: 	: 	: 	423 	411 	: 	: 	: 	: 	: 
ICCS0101,T,NR,IS	7 	7 	: 	: 	: 	19 	: 	: 	: 	: 	: 
ICCS0101,T,NR,IT	9237 	9201 	9064 	9147 	9394 	9629 	6166 	6072 	6019 	5837 	5553 
ICCS0101,T,NR,LI	: 	: 	1 	0 	1 	1 	: 	: 	: 	: 	: 
ICCS0101,T,NR,LT	1544 	1603 	1659 	1732 	1885 	1914 	1976 	1997 	1882 	1806 	1778 
ICCS0101,T,NR,LU	: 	52 	1 	63 	61 	55 	54 	41 	: 	: 	: 
ICCS0101,T,NR,LV	603 	611 	628 	645 	697 	721 	: 	: 	: 	: 	: 
ICCS0101,T,NR,ME	23 	49 	46 	40 	48 	15 	11 	20 	16 	15 	14 
ICCS0101,T,NR,MT	: 	46 	37 	31 	32 	32 	8 	11 	13 	: 	: 
ICCS0101,T,NR,NO	: 	144 	140 	142 	133 	131 	140 	138 	133 	132 	136 
ICCS0101,T,NR,PL	4391 	4373 	4376 	4705 	4755 	4698 	4710 	4905 	4879 	4931 	4963 
ICCS0101,T,NR,PT	282 	289 	299 	314 	319 	330 	332 	335 	340 	341 	340 
ICCS0101,T,NR,RO	5011 	5537 	6192 	6448 	6264 	6258 	5598 	5636 	5499 	5559 	5810 
ICCS0101,T,NR,RS	775 	742 	729 	803 	774 	653 	: 	: 	: 	: 	: 
ICCS0101,T,NR,SE	653 	634 	583 	570 	550 	564 	463 	456 	468 	451 	436 
ICCS0101,T,NR,SI	103 	86 	75 	114 	116 	114 	107 	101 	102 	108 	111 
ICCS0101,T,NR,SK	397 	377 	493 	493 	497 	491 	608 	550 	587 	497 	: 
ICCS0101,T,NR,TR	34373 	: 	30212 	28752 	27368 	25735 	6434 	3484 	2958 	1514 	: 
ICCS0101,T,NR,UKC-L	5466 	5476 	5504 	5336 	5271 	5271 	5210 	5040 	4798 	5022 	4580 
ICCS0101,T,NR,UKM	: 	: 	: 	: 	863 	863 	843 	832 	819 	838 	817 
ICCS0101,T,NR,UKN	168 	162 	169 	189 	220 	180 	161 	167 	162 	150 	: 
ICCS0101,T,NR,XK	362 	388 	: 	418 	370 	438 	425 	412 	458 	284 	: 
ICCS0101,T,P_HTHAB,AL	14.32 	14.91 	11.26 	13.41 	37.16 	: 	: 	39.76 	: 	38.90 	35.90 
ICCS0101,T,P_HTHAB,AT	5.98 	5.68 	5.61 	5.68 	5.82 	6.07 	6.37 	6.36 	6.30 	6.23 	6.43 
ICCS0101,T,P_HTHAB,BE	: 	: 	: 	: 	: 	: 	8.02 	7.73 	7.91 	7.57 	7.95 
ICCS0101,T,P_HTHAB,BG	11.80 	11.95 	11.34 	11.23 	12.38 	12.84 	13.39 	13.28 	13.19 	14.06 	14.34 
ICCS0101,T,P_HTHAB,CH	5.62 	6.32 	6.54 	6.57 	6.08 	6.22 	6.24 	6.19 	6.25 	6.34 	6.16 
ICCS0101,T,P_HTHAB,CY	: 	: 	: 	: 	: 	2.08 	2.32 	2.26 	2.32 	2.13 	: 
ICCS0101,T,P_HTHAB,CZ	10.46 	10.80 	11.29 	8.33 	11.03 	11.01 	10.57 	11.89 	: 	: 	: 
ICCS0101,T,P_HTHAB,DE	4.10 	4.07 	4.14 	4.36 	4.56 	4.71 	: 	: 	: 	: 	: 
ICCS0101,T,P_HTHAB,DK	3.15 	3.10 	3.35 	3.46 	3.43 	3.62 	3.49 	3.79 	3.47 	3.27 	3.18 
ICCS0101,T,P_HTHAB,EE	24.94 	27.29 	30.02 	32.70 	37.09 	38.78 	39.01 	39.86 	39.53 	42.97 	46.32 
ICCS0101,T,P_HTHAB,EL	7.86 	8.05 	7.92 	7.42 	7.99 	7.42 	7.69 	6.51 	6.03 	5.48 	6.83 
ICCS0101,T,P_HTHAB,ES	7.97 	8.20 	8.40 	8.45 	8.19 	8.38 	8.17 	6.91 	7.11 	7.02 	6.51 
ICCS0101,T,P_HTHAB,FI	8.69 	9.23 	9.66 	11.04 	11.02 	11.44 	11.15 	11.24 	11.19 	11.10 	10.87 
ICCS0101,T,P_HTHAB,FR	7.46 	7.18 	7.44 	4.66 	5.90 	6.24 	5.24 	5.24 	5.26 	5.39 	5.54 
ICCS0101,T,P_HTHAB,HR	7.89 	: 	: 	8.02 	9.18 	9.46 	9.21 	: 	9.92 	10.51 	10.23 
ICCS0101,T,P_HTHAB,HU	16.67 	17.35 	: 	14.23 	15.56 	14.85 	: 	: 	: 	: 	: 
ICCS0101,T,P_HTHAB,IE	: 	: 	: 	: 	9.18 	8.95 	: 	: 	: 	: 	: 
ICCS0101,T,P_HTHAB,IS	2.01 	2.07 	: 	: 	: 	5.90 	: 	: 	: 	: 	: 
ICCS0101,T,P_HTHAB,IT	15.27 	15.19 	14.94 	15.05 	15.46 	16.13 	10.38 	10.23 	10.17 	9.89 	9.47 
ICCS0101,T,P_HTHAB,LI	: 	: 	2.66 	0.00 	2.69 	2.71 	: 	: 	: 	: 	: 
ICCS0101,T,P_HTHAB,LT	54.97 	56.29 	57.43 	59.29 	64.04 	64.40 	65.79 	65.42 	59.90 	56.72 	55.34 
ICCS0101,T,P_HTHAB,LU	: 	8.80 	0.17 	11.19 	11.10 	10.24 	10.29 	8.01 	: 	: 	: 
ICCS0101,T,P_HTHAB,LV	31.17 	31.33 	31.90 	32.48 	34.82 	35.63 	: 	: 	: 	: 	: 
ICCS0101,T,P_HTHAB,ME	3.70 	7.87 	7.39 	6.43 	7.72 	2.42 	1.77 	3.23 	2.58 	2.43 	2.27 
ICCS0101,T,P_HTHAB,MT	: 	9.99 	8.52 	7.22 	7.52 	7.59 	1.92 	2.65 	3.14 	: 	: 
ICCS0101,T,P_HTHAB,NO	: 	2.74 	2.69 	2.75 	2.60 	2.59 	2.81 	2.80 	2.74 	2.75 	2.87 
ICCS0101,T,P_HTHAB,PL	11.56 	11.52 	11.53 	12.38 	12.51 	12.34 	12.37 	12.89 	12.83 	12.93 	13.02 
ICCS0101,T,P_HTHAB,PT	2.74 	2.80 	2.89 	3.03 	3.06 	3.15 	3.15 	3.17 	3.22 	3.23 	3.22 
ICCS0101,T,P_HTHAB,RO	25.66 	28.19 	31.34 	32.45 	31.40 	31.26 	27.86 	26.32 	25.62 	27.20 	28.16 
ICCS0101,T,P_HTHAB,RS	11.07 	10.54 	10.30 	11.29 	10.83 	9.09 	: 	: 	: 	: 	: 
ICCS0101,T,P_HTHAB,SE	6.45 	6.34 	5.92 	5.85 	5.70 	5.90 	4.88 	4.84 	5.01 	4.87 	4.75 
ICCS0101,T,P_HTHAB,SI	4.98 	4.16 	3.63 	5.53 	5.63 	5.54 	5.21 	4.93 	4.98 	5.31 	5.52 
ICCS0101,T,P_HTHAB,SK	7.29 	6.94 	9.09 	9.09 	9.18 	9.07 	11.25 	10.20 	10.89 	9.23 	: 
ICCS0101,T,P_HTHAB,TR	42.54 	: 	38.37 	37.01 	35.70 	34.03 	8.61 	4.73 	4.08 	2.12 	: 
ICCS0101,T,P_HTHAB,UKC-L	9.27 	9.35 	9.47 	9.25 	9.22 	9.29 	9.24 	9.01 	8.65 	9.12 	8.39 
ICCS0101,T,P_HTHAB,UKM	: 	: 	: 	: 	16.17 	16.22 	15.89 	15.76 	15.61 	16.06 	15.75 
ICCS0101,T,P_HTHAB,UKN	: 	: 	9.74 	11.91 	11.97 	9.85 	8.85 	9.23 	9.00 	8.40 	: 
ICCS0101,T,P_HTHAB,XK	20.13 	: 	: 	: 	: 	: 	: 	22.96 	20.74 	13.02 	: 
ICCS03011,F,NR,AL	0 	0 	1 	1 	1 	1 	1 	1 	12 	13 	2 
ICCS03011,F,NR,AT	6 	6 	6 	4 	4 	2 	3 	4 	1 	0 	0 
ICCS03011,F,NR,BA	0 	0 	0 	0 	0 	0 	: 	: 	: 	: 	: 
ICCS03011,F,NR,BE	: 	: 	: 	: 	: 	: 	6 	7 	3 	9 	8 
ICCS03011,F,NR,BG	0 	0 	1 	1 	1 	1 	1 	3 	1 	0 	0 
ICCS03011,F,NR,CH	1 	0 	0 	0 	0 	0 	1 	1 	0 	0 	0 
ICCS03011,F,NR,CY	: 	: 	: 	: 	: 	0 	0 	: 	: 	: 	: 
ICCS03011,F,NR,CZ	2 	3 	4 	7 	7 	7 	4 	3 	: 	: 	: 
ICCS03011,F,NR,DE	7 	3 	7 	10 	10 	10 	: 	: 	: 	: 	: 
ICCS03011,F,NR,DK	2 	: 	: 	0 	1 	1 	0 	0 	0 	0 	: 
ICCS03011,F,NR,EE	1 	0 	0 	0 	: 	1 	: 	0 	0 	: 	: 
ICCS03011,F,NR,EL	11 	5 	6 	2 	5 	1 	1 	0 	2 	4 	1 
ICCS03011,F,NR,ES	28 	42 	51 	18 	12 	10 	13 	6 	13 	12 	10 
ICCS03011,F,NR,FR	40 	37 	44 	: 	93 	98 	127 	140 	102 	114 	115 
ICCS03011,F,NR,HR	: 	: 	: 	0 	0 	0 	0 	: 	0 	0 	0 
ICCS03011,F,NR,HU	14 	14 	: 	3 	2 	5 	: 	: 	: 	: 	: 
ICCS03011,F,NR,IS	0 	0 	: 	: 	: 	0 	: 	: 	: 	: 	: 
ICCS03011,F,NR,IT	: 	: 	: 	: 	39 	40 	42 	46 	47 	54 	54 
ICCS03011,F,NR,LI	: 	: 	0 	: 	: 	: 	: 	: 	: 	: 	: 
ICCS03011,F,NR,LT	1 	0 	0 	0 	0 	2 	1 	3 	3 	1 	2 
ICCS03011,F,NR,LU	: 	0 	0 	0 	0 	0 	0 	0 	: 	: 	: 
ICCS03011,F,NR,LV	2 	1 	0 	0 	1 	0 	: 	: 	: 	: 	: 
ICCS03011,F,NR,ME	0 	0 	0 	0 	0 	0 	0 	0 	0 	0 	0 
ICCS03011,F,NR,MT	: 	0 	0 	0 	0 	0 	: 	: 	: 	: 	: 
ICCS03011,F,NR,NO	: 	5 	5 	2 	2 	2 	3 	1 	2 	2 	2 
ICCS03011,F,NR,PL	3 	1 	1 	: 	: 	: 	: 	: 	: 	: 	: 
ICCS03011,F,NR,PT	1 	0 	0 	0 	0 	0 	0 	0 	0 	0 	: 
ICCS03011,F,NR,RO	15 	13 	21 	16 	18 	10 	7 	2 	3 	4 	4 
ICCS03011,F,NR,RS	1 	1 	1 	0 	0 	0 	: 	: 	: 	: 	: 
ICCS03011,F,NR,SE	1 	0 	2 	3 	2 	3 	2 	2 	2 	2 	1 
ICCS03011,F,NR,SI	0 	0 	0 	: 	: 	: 	: 	: 	: 	: 	: 
ICCS03011,F,NR,SK	0 	0 	0 	0 	0 	: 	: 	: 	: 	: 	: 
ICCS03011,F,NR,TR	132 	: 	137 	134 	129 	94 	33 	15 	14 	16 	: 
ICCS03011,F,NR,UKC-L	18 	19 	21 	20 	17 	15 	12 	9 	9 	9 	10 
ICCS03011,F,NR,UKM	: 	: 	: 	: 	: 	1 	1 	1 	1 	1 	1 
ICCS03011,F,NR,UKN	1 	0 	0 	0 	0 	0 	0 	0 	0 	0 	: 
ICCS03011,F,NR,XK	0 	: 	: 	0 	0 	0 	: 	: 	: 	: 	: 
ICCS03011,F,P_HTHAB,AL	0.00 	0.00 	0.07 	0.07 	0.07 	: 	: 	0.07 	: 	0.81 	0.13 
ICCS03011,F,P_HTHAB,AT	0.13 	0.13 	0.14 	0.09 	0.09 	0.05 	0.07 	0.09 	0.02 	0.00 	0.00 
ICCS03011,F,P_HTHAB,BE	: 	: 	: 	: 	: 	: 	0.11 	0.13 	0.05 	0.16 	0.15 
ICCS03011,F,P_HTHAB,BG	0.00 	0.00 	0.03 	0.03 	0.03 	0.03 	0.03 	0.08 	0.03 	0.00 	0.00 
ICCS03011,F,P_HTHAB,CH	0.02 	0.00 	0.00 	0.00 	0.00 	0.00 	0.02 	0.03 	0.00 	0.00 	0.00 
ICCS03011,F,P_HTHAB,CY	: 	: 	: 	: 	: 	0.00 	0.00 	: 	: 	: 	: 
ICCS03011,F,P_HTHAB,CZ	0.04 	0.06 	0.07 	0.13 	0.13 	0.13 	0.07 	0.06 	: 	: 	: 
ICCS03011,F,P_HTHAB,DE	0.02 	0.01 	0.02 	0.02 	0.02 	0.02 	: 	: 	: 	: 	: 
ICCS03011,F,P_HTHAB,DK	0.07 	: 	: 	0.00 	0.04 	0.04 	0.00 	0.00 	0.00 	0.00 	: 
ICCS03011,F,P_HTHAB,EE	0.14 	0.00 	0.00 	0.00 	: 	0.14 	: 	0.00 	0.00 	: 	: 
ICCS03011,F,P_HTHAB,EL	0.20 	0.09 	0.11 	0.04 	0.08 	0.02 	0.02 	0.00 	0.04 	0.07 	0.02 
ICCS03011,F,P_HTHAB,ES	0.12 	0.18 	0.22 	0.08 	0.05 	0.04 	0.05 	0.03 	0.06 	0.05 	0.04 
ICCS03011,F,P_HTHAB,FR	0.12 	0.11 	0.13 	: 	0.27 	0.29 	0.38 	0.42 	0.31 	0.34 	0.35 
ICCS03011,F,P_HTHAB,HR	: 	: 	: 	0.00 	0.00 	0.00 	0.00 	: 	0.00 	0.00 	0.00 
ICCS03011,F,P_HTHAB,HU	0.27 	0.27 	: 	0.06 	0.04 	0.10 	: 	: 	: 	: 	: 
ICCS03011,F,P_HTHAB,IS	0.00 	0.00 	: 	: 	: 	0.00 	: 	: 	: 	: 	: 
ICCS03011,F,P_HTHAB,IT	: 	: 	: 	: 	0.12 	0.13 	0.14 	0.15 	0.15 	0.18 	0.18 
ICCS03011,F,P_HTHAB,LI	: 	: 	0.00 	: 	: 	: 	: 	: 	: 	: 	: 
ICCS03011,F,P_HTHAB,LT	0.07 	0.00 	0.00 	0.00 	0.00 	0.12 	0.06 	0.18 	0.18 	0.06 	0.12 
ICCS03011,F,P_HTHAB,LU	: 	0.00 	0.00 	0.00 	0.00 	0.00 	0.00 	0.00 	: 	: 	: 
ICCS03011,F,P_HTHAB,LV	0.19 	0.09 	0.00 	0.00 	0.09 	0.00 	: 	: 	: 	: 	: 
ICCS03011,F,P_HTHAB,ME	0.00 	0.00 	0.00 	0.00 	0.00 	0.00 	0.00 	0.00 	0.00 	0.00 	0.00 
ICCS03011,F,P_HTHAB,MT	: 	0.00 	0.00 	0.00 	0.00 	0.00 	: 	: 	: 	: 	: 
ICCS03011,F,P_HTHAB,NO	: 	0.19 	0.19 	0.08 	0.08 	0.08 	0.06 	0.02 	0.04 	0.04 	0.04 
ICCS03011,F,P_HTHAB,PL	0.02 	0.01 	0.01 	: 	: 	: 	: 	: 	: 	: 	: 
ICCS03011,F,P_HTHAB,PT	0.02 	0.00 	0.00 	0.00 	0.00 	0.00 	0.00 	0.00 	0.00 	0.00 	: 
ICCS03011,F,P_HTHAB,RO	0.15 	0.13 	0.21 	0.16 	0.18 	0.10 	0.07 	0.02 	0.03 	0.04 	0.04 
ICCS03011,F,P_HTHAB,RS	0.03 	0.03 	0.03 	0.00 	0.00 	0.00 	: 	: 	: 	: 	: 
ICCS03011,F,P_HTHAB,SE	0.02 	0.00 	0.04 	0.06 	0.04 	0.06 	0.04 	0.04 	0.04 	0.04 	0.02 
ICCS03011,F,P_HTHAB,SI	0.00 	0.00 	0.00 	: 	: 	: 	: 	: 	: 	: 	: 
ICCS03011,F,P_HTHAB,SK	0.00 	0.00 	0.00 	0.00 	0.00 	: 	: 	: 	: 	: 	: 
ICCS03011,F,P_HTHAB,TR	0.33 	: 	0.35 	0.35 	0.34 	0.25 	0.09 	0.04 	0.04 	0.04 	: 
ICCS03011,F,P_HTHAB,UKC-L	0.06 	0.06 	0.07 	0.07 	0.06 	0.05 	0.04 	0.03 	0.03 	0.03 	0.04 
ICCS03011,F,P_HTHAB,UKM	: 	: 	: 	: 	: 	0.04 	0.04 	0.04 	0.04 	0.04 	0.04 
ICCS03011,F,P_HTHAB,UKN	: 	: 	: 	0.00 	0.00 	0.00 	0.00 	0.00 	0.00 	0.00 	: 
ICCS03011,F,P_HTHAB,XK	0.00 	: 	: 	: 	: 	: 	: 	: 	: 	: 	: 
ICCS03011,M,NR,AL	108 	90 	98 	77 	79 	71 	74 	73 	60 	95 	107 
ICCS03011,M,NR,AT	483 	499 	482 	399 	424 	424 	402 	398 	374 	259 	245 
ICCS03011,M,NR,BA	152 	45 	46 	57 	67 	61 	: 	: 	: 	: 	: 
ICCS03011,M,NR,BE	: 	: 	: 	: 	: 	: 	827 	776 	736 	767 	782 
ICCS03011,M,NR,BG	216 	228 	245 	245 	281 	280 	297 	314 	376 	411 	477 
ICCS03011,M,NR,CH	179 	202 	201 	175 	177 	171 	158 	158 	179 	147 	161 
ICCS03011,M,NR,CY	: 	: 	: 	: 	: 	35 	30 	: 	: 	: 	: 
ICCS03011,M,NR,CZ	539 	540 	538 	496 	469 	463 	491 	501 	: 	: 	: 
ICCS03011,M,NR,DE	1632 	1646 	1193 	1250 	1227 	1320 	: 	: 	: 	: 	: 
ICCS03011,M,NR,DK	138 	105 	102 	96 	71 	54 	62 	50 	56 	53 	57 
ICCS03011,M,NR,EE	98 	91 	86 	90 	: 	88 	: 	92 	124 	: 	: 
ICCS03011,M,NR,EL	270 	302 	165 	137 	196 	178 	176 	207 	218 	212 	201 
ICCS03011,M,NR,ES	3285 	3236 	3174 	2230 	2115 	2158 	2204 	2353 	2459 	2437 	2265 
ICCS03011,M,NR,FR	4280 	4320 	4379 	: 	7162 	7568 	7583 	7551 	7462 	7725 	7974 
ICCS03011,M,NR,HR	46 	: 	: 	91 	97 	100 	142 	: 	156 	158 	145 
ICCS03011,M,NR,HU	663 	610 	: 	266 	294 	385 	: 	: 	: 	: 	: 
ICCS03011,M,NR,IS	6 	11 	: 	: 	: 	12 	: 	: 	: 	: 	: 
ICCS03011,M,NR,IT	: 	: 	: 	: 	1883 	1933 	2010 	1988 	1905 	1812 	1613 
ICCS03011,M,NR,LI	: 	: 	0 	: 	: 	: 	: 	: 	: 	: 	: 
ICCS03011,M,NR,LT	326 	353 	310 	314 	457 	469 	499 	467 	422 	419 	399 
ICCS03011,M,NR,LU	: 	34 	11 	22 	23 	32 	24 	24 	: 	: 	: 
ICCS03011,M,NR,LV	125 	136 	134 	132 	138 	148 	: 	: 	: 	: 	: 
ICCS03011,M,NR,ME	2 	8 	10 	3 	2 	4 	3 	3 	12 	7 	3 
ICCS03011,M,NR,MT	: 	19 	12 	5 	7 	6 	: 	: 	: 	: 	: 
ICCS03011,M,NR,NO	: 	385 	380 	364 	330 	261 	271 	283 	254 	258 	224 
ICCS03011,M,NR,PL	1159 	1094 	982 	: 	: 	: 	: 	: 	: 	: 	: 
ICCS03011,M,NR,PT	156 	200 	199 	204 	203 	207 	203 	198 	223 	234 	209 
ICCS03011,M,NR,RO	1832 	1823 	2016 	1916 	1857 	1904 	1737 	1695 	1543 	1487 	1510 
ICCS03011,M,NR,RS	176 	195 	193 	185 	229 	211 	: 	: 	: 	: 	: 
ICCS03011,M,NR,SE	337 	348 	358 	374 	390 	371 	382 	396 	413 	424 	443 
ICCS03011,M,NR,SI	7 	14 	11 	: 	: 	: 	: 	: 	: 	: 	: 
ICCS03011,M,NR,SK	135 	241 	143 	144 	142 	: 	: 	: 	: 	: 	: 
ICCS03011,M,NR,TR	11870 	: 	15560 	14426 	12686 	10436 	2225 	813 	895 	546 	: 
ICCS03011,M,NR,UKC-L	7141 	6982 	6575 	6155 	5707 	5393 	5233 	4942 	4533 	4456 	4224 
ICCS03011,M,NR,UKM	: 	: 	: 	: 	: 	160 	154 	161 	168 	172 	176 
ICCS03011,M,NR,UKN	46 	54 	55 	76 	92 	94 	44 	40 	44 	48 	: 
ICCS03011,M,NR,XK	37 	21 	: 	31 	23 	4 	: 	: 	: 	: 	: 
ICCS03011,M,P_HTHAB,AL	7.51 	6.19 	6.71 	5.27 	5.41 	: 	: 	5.13 	: 	6.00 	6.74 
ICCS03011,M,P_HTHAB,AT	11.13 	11.57 	11.28 	9.51 	10.20 	10.28 	9.81 	9.76 	9.20 	6.38 	6.06 
ICCS03011,M,P_HTHAB,BE	: 	: 	: 	: 	: 	: 	15.17 	14.37 	13.85 	14.56 	14.97 
ICCS03011,M,P_HTHAB,BG	6.31 	6.61 	7.05 	7.00 	7.97 	7.90 	8.33 	8.75 	10.40 	11.30 	13.03 
ICCS03011,M,P_HTHAB,CH	4.26 	4.84 	4.88 	4.30 	4.40 	4.31 	4.03 	4.07 	4.67 	3.88 	4.32 
ICCS03011,M,P_HTHAB,CY	: 	: 	: 	: 	: 	8.31 	7.16 	: 	: 	: 	: 
ICCS03011,M,P_HTHAB,CZ	10.33 	10.38 	10.37 	9.58 	9.08 	8.97 	9.52 	9.73 	: 	: 	: 
ICCS03011,M,P_HTHAB,DE	4.00 	4.04 	2.94 	3.14 	3.10 	3.35 	: 	: 	: 	: 	: 
ICCS03011,M,P_HTHAB,DK	4.80 	3.67 	3.59 	3.42 	2.54 	1.94 	2.24 	1.81 	2.04 	1.94 	2.10 
ICCS03011,M,P_HTHAB,EE	15.78 	14.74 	13.95 	14.64 	: 	14.28 	: 	14.85 	19.97 	: 	: 
ICCS03011,M,P_HTHAB,EL	5.18 	5.78 	3.16 	2.60 	3.68 	3.32 	3.24 	3.80 	3.99 	3.89 	3.69 
ICCS03011,M,P_HTHAB,ES	14.36 	14.17 	13.92 	9.77 	9.24 	9.38 	9.54 	10.21 	10.70 	10.65 	10.03 
ICCS03011,M,P_HTHAB,FR	13.23 	13.37 	13.58 	: 	22.43 	23.82 	23.99 	24.00 	23.84 	24.80 	25.74 
ICCS03011,M,P_HTHAB,HR	2.32 	: 	: 	4.46 	4.73 	4.86 	6.89 	: 	7.52 	7.61 	6.98 
ICCS03011,M,P_HTHAB,HU	14.19 	13.05 	: 	5.66 	6.25 	8.16 	: 	: 	: 	: 	: 
ICCS03011,M,P_HTHAB,IS	3.38 	6.43 	: 	: 	: 	7.43 	: 	: 	: 	: 	: 
ICCS03011,M,P_HTHAB,IT	: 	: 	: 	: 	6.39 	6.69 	7.00 	6.92 	6.65 	6.34 	5.68 
ICCS03011,M,P_HTHAB,LI	: 	: 	0.00 	: 	: 	: 	: 	: 	: 	: 	: 
ICCS03011,M,P_HTHAB,LT	25.13 	26.90 	23.32 	23.32 	33.70 	34.26 	36.07 	33.19 	29.10 	28.44 	26.82 
ICCS03011,M,P_HTHAB,LU	: 	11.46 	3.80 	7.80 	8.36 	11.92 	9.17 	9.43 	: 	: 	: 
ICCS03011,M,P_HTHAB,LV	14.05 	15.18 	14.82 	14.49 	15.05 	15.97 	: 	: 	: 	: 	: 
ICCS03011,M,P_HTHAB,ME	0.65 	2.60 	3.25 	0.98 	0.65 	1.30 	0.98 	0.98 	3.93 	2.30 	0.99 
ICCS03011,M,P_HTHAB,MT	: 	8.20 	5.52 	2.33 	3.30 	2.86 	: 	: 	: 	: 	: 
ICCS03011,M,P_HTHAB,NO	: 	14.53 	14.48 	14.00 	12.86 	10.29 	5.44 	5.75 	5.23 	5.38 	4.73 
ICCS03011,M,P_HTHAB,PL	6.31 	5.95 	5.34 	: 	: 	: 	: 	: 	: 	: 	: 
ICCS03011,M,P_HTHAB,PT	3.20 	4.10 	4.06 	4.14 	4.09 	4.14 	4.04 	3.92 	4.40 	4.62 	4.12 
ICCS03011,M,P_HTHAB,RO	19.18 	18.98 	20.89 	19.74 	19.05 	19.51 	16.83 	15.42 	14.01 	13.49 	13.68 
ICCS03011,M,P_HTHAB,RS	5.16 	5.69 	5.60 	5.34 	6.58 	6.03 	: 	: 	: 	: 	: 
ICCS03011,M,P_HTHAB,SE	6.63 	6.94 	7.26 	7.68 	8.10 	7.78 	8.08 	8.44 	8.88 	9.21 	9.71 
ICCS03011,M,P_HTHAB,SI	0.68 	1.37 	1.07 	: 	: 	: 	: 	: 	: 	: 	: 
ICCS03011,M,P_HTHAB,SK	5.08 	9.09 	5.40 	5.45 	5.38 	: 	: 	: 	: 	: 	: 
ICCS03011,M,P_HTHAB,TR	29.28 	: 	39.38 	37.00 	32.97 	27.49 	5.93 	2.19 	2.45 	1.52 	: 
ICCS03011,M,P_HTHAB,UKC-L	24.51 	24.14 	22.91 	21.64 	20.26 	19.30 	18.86 	17.97 	16.64 	16.49 	15.77 
ICCS03011,M,P_HTHAB,UKM	: 	: 	: 	: 	: 	6.20 	5.98 	6.29 	6.61 	6.82 	7.02 
ICCS03011,M,P_HTHAB,UKN	: 	: 	: 	5.95 	10.21 	10.49 	4.93 	4.51 	4.99 	5.49 	: 
ICCS03011,M,P_HTHAB,XK	4.17 	: 	: 	: 	: 	: 	: 	: 	: 	: 	: 
ICCS03011,T,NR,AL	108 	90 	99 	78 	80 	72 	75 	74 	72 	108 	109 
ICCS03011,T,NR,AT	489 	505 	488 	403 	428 	426 	405 	402 	375 	259 	245 
ICCS03011,T,NR,BA	152 	45 	46 	57 	67 	61 	: 	: 	: 	: 	: 
ICCS03011,T,NR,BE	: 	: 	: 	: 	: 	: 	833 	783 	739 	776 	790 
ICCS03011,T,NR,BG	216 	228 	246 	246 	282 	281 	298 	317 	377 	411 	477 
ICCS03011,T,NR,CH	180 	202 	201 	175 	177 	171 	159 	159 	179 	147 	161 
ICCS03011,T,NR,CY	: 	: 	: 	: 	: 	35 	30 	: 	: 	: 	: 
ICCS03011,T,NR,CZ	541 	543 	542 	503 	476 	470 	495 	504 	: 	: 	: 
ICCS03011,T,NR,DE	1639 	1649 	1200 	1260 	1237 	1330 	: 	: 	: 	: 	: 
ICCS03011,T,NR,DK	140 	105 	102 	96 	72 	55 	62 	50 	56 	53 	57 
ICCS03011,T,NR,EE	99 	91 	86 	90 	92 	89 	: 	92 	124 	101 	94 
ICCS03011,T,NR,EL	281 	307 	171 	139 	201 	179 	177 	207 	220 	216 	202 
ICCS03011,T,NR,ES	3313 	3278 	3225 	2248 	2127 	2168 	2217 	2359 	2472 	2449 	2275 
ICCS03011,T,NR,FR	4320 	4357 	4423 	: 	7255 	7666 	7710 	7691 	7564 	7839 	8089 
ICCS03011,T,NR,HR	46 	: 	: 	91 	97 	100 	142 	: 	156 	158 	145 
ICCS03011,T,NR,HU	677 	624 	: 	269 	296 	390 	: 	: 	: 	: 	: 
ICCS03011,T,NR,IS	6 	11 	: 	: 	: 	12 	: 	: 	: 	: 	: 
ICCS03011,T,NR,IT	: 	: 	: 	: 	1922 	1973 	2052 	2034 	1952 	1866 	1667 
ICCS03011,T,NR,LI	: 	: 	0 	: 	: 	: 	: 	: 	: 	: 	: 
ICCS03011,T,NR,LT	327 	353 	310 	314 	457 	471 	500 	470 	425 	420 	401 
ICCS03011,T,NR,LU	: 	34 	11 	22 	23 	32 	24 	24 	: 	: 	: 
ICCS03011,T,NR,LV	127 	137 	134 	132 	138 	148 	: 	: 	: 	: 	: 
ICCS03011,T,NR,ME	2 	8 	10 	3 	2 	4 	3 	3 	12 	7 	3 
ICCS03011,T,NR,MT	: 	19 	12 	5 	7 	6 	: 	: 	: 	: 	: 
ICCS03011,T,NR,NO	: 	390 	385 	366 	332 	263 	274 	284 	256 	260 	226 
ICCS03011,T,NR,PL	1162 	1095 	983 	1561 	1605 	1700 	1831 	1854 	1886 	2030 	1750 
ICCS03011,T,NR,PT	157 	200 	199 	204 	203 	207 	203 	198 	223 	234 	209 
ICCS03011,T,NR,RO	1847 	1836 	2037 	1932 	1875 	1914 	1744 	1697 	1546 	1491 	1514 
ICCS03011,T,NR,RS	177 	196 	194 	185 	229 	211 	: 	: 	: 	: 	: 
ICCS03011,T,NR,SE	338 	348 	360 	377 	392 	374 	384 	398 	415 	426 	444 
ICCS03011,T,NR,SI	7 	14 	11 	23 	29 	30 	24 	27 	34 	42 	46 
ICCS03011,T,NR,SK	135 	241 	143 	144 	142 	136 	153 	133 	143 	138 	: 
ICCS03011,T,NR,TR	12002 	: 	15697 	14560 	12815 	10530 	2258 	828 	909 	562 	: 
ICCS03011,T,NR,UKC-L	7159 	7001 	6596 	6175 	5724 	5408 	5245 	4951 	4542 	4465 	4234 
ICCS03011,T,NR,UKM	: 	: 	: 	: 	: 	161 	155 	162 	169 	173 	177 
ICCS03011,T,NR,UKN	47 	54 	55 	76 	92 	94 	44 	40 	44 	48 	: 
ICCS03011,T,NR,XK	37 	21 	: 	31 	23 	41 	34 	35 	46 	43 	: 
ICCS03011,T,P_HTHAB,AL	3.76 	3.13 	3.43 	2.70 	2.76 	: 	: 	2.61 	: 	3.39 	3.44 
ICCS03011,T,P_HTHAB,AT	5.54 	5.76 	5.61 	4.70 	5.03 	5.04 	4.82 	4.80 	4.49 	3.11 	2.95 
ICCS03011,T,P_HTHAB,BE	: 	: 	: 	: 	: 	: 	7.51 	7.12 	6.82 	7.22 	7.41 
ICCS03011,T,P_HTHAB,BG	3.06 	3.21 	3.44 	3.42 	3.89 	3.86 	4.07 	4.30 	5.08 	5.50 	6.34 
ICCS03011,T,P_HTHAB,CH	2.12 	2.40 	2.41 	2.12 	2.17 	2.13 	2.00 	2.02 	2.30 	1.91 	2.12 
ICCS03011,T,P_HTHAB,CY	: 	: 	: 	: 	: 	4.04 	3.48 	: 	: 	: 	: 
ICCS03011,T,P_HTHAB,CZ	5.10 	5.13 	5.14 	4.77 	4.53 	4.47 	4.71 	4.81 	: 	: 	: 
ICCS03011,T,P_HTHAB,DE	1.98 	2.00 	1.46 	1.55 	1.53 	1.65 	: 	: 	: 	: 	: 
ICCS03011,T,P_HTHAB,DK	2.42 	1.83 	1.79 	1.70 	1.28 	0.98 	1.11 	0.90 	1.01 	0.96 	1.04 
ICCS03011,T,P_HTHAB,EE	7.50 	6.92 	6.54 	6.84 	6.99 	6.74 	: 	6.92 	9.30 	7.56 	7.02 
ICCS03011,T,P_HTHAB,EL	2.62 	2.85 	1.59 	1.28 	1.83 	1.63 	1.60 	1.86 	1.98 	1.95 	1.83 
ICCS03011,T,P_HTHAB,ES	7.10 	7.05 	6.94 	4.84 	4.57 	4.64 	4.74 	5.05 	5.32 	5.30 	4.98 
ICCS03011,T,P_HTHAB,FR	6.46 	6.52 	6.64 	: 	11.00 	11.69 	11.81 	11.84 	11.70 	12.18 	12.64 
ICCS03011,T,P_HTHAB,HR	1.12 	: 	: 	2.15 	2.28 	2.35 	3.32 	: 	3.63 	3.67 	3.36 
ICCS03011,T,P_HTHAB,HU	6.92 	6.37 	: 	2.73 	3.00 	3.94 	: 	: 	: 	: 	: 
ICCS03011,T,P_HTHAB,IS	1.72 	3.25 	: 	: 	: 	3.73 	: 	: 	: 	: 	: 
ICCS03011,T,P_HTHAB,IT	: 	: 	: 	: 	3.16 	3.31 	3.45 	3.43 	3.30 	3.16 	2.84 
ICCS03011,T,P_HTHAB,LI	: 	: 	0.00 	: 	: 	: 	: 	: 	: 	: 	: 
ICCS03011,T,P_HTHAB,LT	11.64 	12.40 	10.73 	10.75 	15.53 	15.85 	16.65 	15.40 	13.53 	13.19 	12.48 
ICCS03011,T,P_HTHAB,LU	: 	5.76 	1.91 	3.91 	4.18 	5.96 	4.57 	4.69 	: 	: 	: 
ICCS03011,T,P_HTHAB,LV	6.57 	7.03 	6.81 	6.65 	6.89 	7.31 	: 	: 	: 	: 	: 
ICCS03011,T,P_HTHAB,ME	0.32 	1.29 	1.61 	0.48 	0.32 	0.64 	0.48 	0.48 	1.94 	1.13 	0.49 
ICCS03011,T,P_HTHAB,MT	: 	4.13 	2.76 	1.16 	1.65 	1.42 	: 	: 	: 	: 	: 
ICCS03011,T,P_HTHAB,NO	: 	7.42 	7.39 	7.08 	6.50 	5.21 	5.50 	5.77 	5.27 	5.42 	4.77 
ICCS03011,T,P_HTHAB,PL	3.06 	2.88 	2.59 	4.11 	4.22 	4.47 	4.81 	4.87 	4.96 	5.32 	4.59 
ICCS03011,T,P_HTHAB,PT	1.53 	1.94 	1.92 	1.97 	1.95 	1.97 	1.93 	1.87 	2.11 	2.22 	1.98 
ICCS03011,T,P_HTHAB,RO	9.46 	9.35 	10.31 	9.72 	9.40 	9.56 	8.68 	7.92 	7.20 	7.29 	7.34 
ICCS03011,T,P_HTHAB,RS	2.53 	2.78 	2.74 	2.60 	3.20 	2.94 	: 	: 	: 	: 	: 
ICCS03011,T,P_HTHAB,SE	3.34 	3.48 	3.65 	3.87 	4.06 	3.91 	4.05 	4.23 	4.44 	4.60 	4.84 
ICCS03011,T,P_HTHAB,SI	0.34 	0.68 	0.53 	1.11 	1.41 	1.46 	1.17 	1.32 	1.66 	2.07 	2.29 
ICCS03011,T,P_HTHAB,SK	2.48 	4.43 	2.64 	2.66 	2.62 	2.51 	2.83 	2.47 	2.65 	2.56 	: 
ICCS03011,T,P_HTHAB,TR	14.85 	: 	19.93 	18.74 	16.71 	13.92 	3.02 	1.12 	1.25 	0.79 	: 
ICCS03011,T,P_HTHAB,UKC-L	12.14 	11.95 	11.34 	10.71 	10.01 	9.53 	9.30 	8.85 	8.19 	8.11 	7.75 
ICCS03011,T,P_HTHAB,UKM	: 	: 	: 	: 	: 	3.03 	2.92 	3.07 	3.22 	3.32 	3.41 
ICCS03011,T,P_HTHAB,UKN	: 	: 	: 	2.92 	5.01 	5.15 	2.42 	2.21 	2.45 	2.69 	: 
ICCS03011,T,P_HTHAB,XK	2.06 	: 	: 	: 	: 	: 	: 	1.95 	2.08 	1.97 	: 
ICCS03012,F,NR,AL	0 	0 	0 	2 	2 	1 	2 	3 	5 	3 	1 
ICCS03012,F,NR,AT	0 	0 	0 	0 	1 	2 	3 	2 	1 	2 	1 
ICCS03012,F,NR,BA	0 	0 	0 	0 	0 	0 	: 	: 	: 	: 	: 
ICCS03012,F,NR,BE	: 	: 	: 	: 	: 	: 	7 	11 	14 	16 	17 
ICCS03012,F,NR,BG	0 	1 	2 	1 	1 	1 	0 	0 	0 	0 	0 
ICCS03012,F,NR,CH	0 	0 	1 	1 	0 	0 	0 	0 	0 	0 	1 
ICCS03012,F,NR,CZ	3 	4 	5 	6 	23 	174 	26 	20 	: 	: 	: 
ICCS03012,F,NR,DE	18 	12 	33 	19 	22 	24 	: 	: 	: 	: 	: 
ICCS03012,F,NR,DK	3 	1 	2 	2 	2 	1 	0 	3 	1 	2 	: 
ICCS03012,F,NR,EE	0 	0 	0 	0 	: 	0 	: 	0 	: 	: 	: 
ICCS03012,F,NR,EL	0 	0 	11 	3 	3 	2 	1 	1 	1 	1 	1 
ICCS03012,F,NR,ES	40 	15 	3 	42 	49 	42 	50 	47 	42 	42 	26 
ICCS03012,F,NR,FI	: 	: 	: 	2 	3 	3 	3 	7 	5 	1 	0 
ICCS03012,F,NR,FR	7 	7 	5 	: 	: 	: 	: 	: 	: 	: 	: 
ICCS03012,F,NR,HR	1 	: 	: 	1 	2 	3 	2 	: 	1 	4 	4 
ICCS03012,F,NR,HU	4 	3 	: 	0 	1 	0 	: 	: 	: 	: 	: 
ICCS03012,F,NR,IS	0 	0 	: 	: 	: 	0 	: 	: 	: 	: 	: 
ICCS03012,F,NR,IT	: 	: 	: 	: 	50 	46 	46 	57 	66 	47 	52 
ICCS03012,F,NR,LI	: 	0 	0 	: 	: 	: 	: 	: 	: 	: 	: 
ICCS03012,F,NR,LT	1 	0 	1 	2 	: 	: 	: 	: 	: 	: 	: 
ICCS03012,F,NR,LU	: 	0 	1 	0 	0 	0 	0 	0 	: 	: 	: 
ICCS03012,F,NR,LV	4 	4 	2 	1 	1 	0 	: 	: 	: 	: 	: 
ICCS03012,F,NR,ME	0 	0 	0 	0 	0 	1 	0 	0 	0 	0 	0 
ICCS03012,F,NR,MT	: 	0 	0 	0 	0 	0 	: 	: 	: 	: 	: 
ICCS03012,F,NR,NO	: 	1 	0 	0 	0 	0 	0 	0 	0 	0 	0 
ICCS03012,F,NR,PL	12 	12 	10 	: 	: 	: 	: 	: 	: 	: 	: 
ICCS03012,F,NR,PT	7 	4 	5 	0 	5 	8 	: 	: 	: 	: 	: 
ICCS03012,F,NR,RO	1 	2 	3 	2 	1 	1 	0 	0 	1 	1 	1 
ICCS03012,F,NR,RS	0 	0 	0 	0 	0 	0 	: 	: 	: 	: 	: 
ICCS03012,F,NR,SE	0 	1 	0 	0 	0 	0 	3 	1 	0 	0 	2 
ICCS03012,F,NR,SI	0 	0 	0 	: 	: 	: 	: 	: 	: 	: 	: 
ICCS03012,F,NR,SK	1 	2 	3 	2 	3 	: 	: 	: 	: 	: 	: 
ICCS03012,F,NR,TR	32 	: 	: 	: 	: 	: 	: 	: 	: 	: 	: 
ICCS03012,F,NR,UKC-L	110 	92 	87 	68 	75 	62 	71 	74 	74 	51 	37 
ICCS03012,F,NR,UKM	: 	: 	: 	: 	: 	0 	0 	0 	0 	0 	0 
ICCS03012,F,NR,UKN	1 	2 	1 	0 	0 	0 	0 	0 	0 	0 	: 
ICCS03012,F,NR,XK	1 	: 	: 	: 	: 	0 	: 	: 	: 	: 	: 
ICCS03012,F,P_HTHAB,AL	0.00 	0.00 	0.00 	0.14 	0.14 	: 	: 	0.21 	: 	0.19 	0.06 
ICCS03012,F,P_HTHAB,AT	0.00 	0.00 	0.00 	0.00 	0.02 	0.05 	0.07 	0.05 	0.02 	0.05 	0.02 
ICCS03012,F,P_HTHAB,BE	: 	: 	: 	: 	: 	: 	0.12 	0.20 	0.25 	0.29 	0.31 
ICCS03012,F,P_HTHAB,BG	0.00 	0.03 	0.05 	0.03 	0.03 	0.03 	0.00 	0.00 	0.00 	0.00 	0.00 
ICCS03012,F,P_HTHAB,CH	0.00 	0.00 	0.02 	0.02 	0.00 	0.00 	0.00 	0.00 	0.00 	0.00 	0.01 
ICCS03012,F,P_HTHAB,CZ	0.06 	0.07 	0.09 	0.11 	0.43 	3.25 	0.49 	0.37 	: 	: 	: 
ICCS03012,F,P_HTHAB,DE	0.04 	0.03 	0.08 	0.05 	0.05 	0.06 	: 	: 	: 	: 	: 
ICCS03012,F,P_HTHAB,DK	0.10 	0.03 	0.07 	0.07 	0.07 	0.04 	0.00 	0.11 	0.04 	0.07 	: 
ICCS03012,F,P_HTHAB,EE	0.00 	0.00 	0.00 	0.00 	: 	0.00 	: 	0.00 	: 	: 	: 
ICCS03012,F,P_HTHAB,EL	0.00 	0.00 	0.20 	0.05 	0.05 	0.04 	0.02 	0.02 	0.02 	0.02 	0.02 
ICCS03012,F,P_HTHAB,ES	0.17 	0.06 	0.01 	0.18 	0.21 	0.18 	0.21 	0.20 	0.18 	0.18 	0.11 
ICCS03012,F,P_HTHAB,FI	: 	: 	: 	0.07 	0.11 	0.11 	0.11 	0.26 	0.18 	0.04 	0.00 
ICCS03012,F,P_HTHAB,FR	0.02 	0.02 	0.01 	: 	: 	: 	: 	: 	: 	: 	: 
ICCS03012,F,P_HTHAB,HR	0.05 	: 	: 	0.05 	0.09 	0.14 	0.09 	: 	0.04 	0.18 	0.18 
ICCS03012,F,P_HTHAB,HU	0.08 	0.06 	: 	0.00 	0.02 	0.00 	: 	: 	: 	: 	: 
ICCS03012,F,P_HTHAB,IS	0.00 	0.00 	: 	: 	: 	0.00 	: 	: 	: 	: 	: 
ICCS03012,F,P_HTHAB,IT	: 	: 	: 	: 	0.16 	0.15 	0.15 	0.19 	0.22 	0.15 	0.17 
ICCS03012,F,P_HTHAB,LI	: 	0.00 	0.00 	: 	: 	: 	: 	: 	: 	: 	: 
ICCS03012,F,P_HTHAB,LT	0.07 	0.00 	0.06 	0.13 	: 	: 	: 	: 	: 	: 	: 
ICCS03012,F,P_HTHAB,LU	: 	0.00 	0.35 	0.00 	0.00 	0.00 	0.00 	0.00 	: 	: 	: 
ICCS03012,F,P_HTHAB,LV	0.38 	0.38 	0.19 	0.09 	0.09 	0.00 	: 	: 	: 	: 	: 
ICCS03012,F,P_HTHAB,ME	0.00 	0.00 	0.00 	0.00 	0.00 	0.32 	0.00 	0.00 	0.00 	0.00 	0.00 
ICCS03012,F,P_HTHAB,MT	: 	0.00 	0.00 	0.00 	0.00 	0.00 	: 	: 	: 	: 	: 
ICCS03012,F,P_HTHAB,NO	: 	0.04 	0.00 	0.00 	0.00 	0.00 	0.00 	0.00 	0.00 	0.00 	0.00 
ICCS03012,F,P_HTHAB,PL	0.06 	0.06 	0.05 	: 	: 	: 	: 	: 	: 	: 	: 
ICCS03012,F,P_HTHAB,PT	0.13 	0.07 	0.09 	0.00 	0.09 	0.15 	: 	: 	: 	: 	: 
ICCS03012,F,P_HTHAB,RO	0.01 	0.02 	0.03 	0.02 	0.01 	0.01 	0.00 	0.00 	0.01 	0.01 	0.01 
ICCS03012,F,P_HTHAB,RS	0.00 	0.00 	0.00 	0.00 	0.00 	0.00 	: 	: 	: 	: 	: 
ICCS03012,F,P_HTHAB,SE	0.00 	0.02 	0.00 	0.00 	0.00 	0.00 	0.06 	0.02 	0.00 	0.00 	0.04 
ICCS03012,F,P_HTHAB,SI	0.00 	0.00 	0.00 	: 	: 	: 	: 	: 	: 	: 	: 
ICCS03012,F,P_HTHAB,SK	0.04 	0.07 	0.11 	0.07 	0.11 	: 	: 	: 	: 	: 	: 
ICCS03012,F,P_HTHAB,TR	0.08 	: 	: 	: 	: 	: 	: 	: 	: 	: 	: 
ICCS03012,F,P_HTHAB,UKC-L	0.37 	0.31 	0.30 	0.23 	0.26 	0.22 	0.25 	0.26 	0.26 	0.18 	0.13 
ICCS03012,F,P_HTHAB,UKM	: 	: 	: 	: 	: 	0.00 	0.00 	0.00 	0.00 	0.00 	0.00 
ICCS03012,F,P_HTHAB,UKN	: 	: 	0.11 	0.00 	0.00 	0.00 	0.00 	0.00 	0.00 	0.00 	: 
ICCS03012,F,P_HTHAB,XK	0.11 	: 	: 	: 	: 	: 	: 	: 	: 	: 	: 
ICCS03012,M,NR,AL	41 	39 	32 	57 	54 	68 	40 	13 	17 	28 	28 
ICCS03012,M,NR,AT	149 	122 	113 	257 	288 	295 	280 	277 	247 	206 	206 
ICCS03012,M,NR,BA	64 	74 	48 	62 	49 	56 	: 	: 	: 	: 	: 
ICCS03012,M,NR,BE	: 	: 	: 	: 	: 	: 	779 	727 	701 	744 	721 
ICCS03012,M,NR,BG	144 	142 	154 	175 	172 	187 	172 	174 	166 	177 	176 
ICCS03012,M,NR,CH	88 	82 	86 	78 	75 	81 	82 	64 	71 	70 	61 
ICCS03012,M,NR,CZ	179 	195 	194 	175 	915 	747 	1024 	1031 	: 	: 	: 
ICCS03012,M,NR,DE	1409 	1346 	2300 	2436 	2474 	2644 	: 	: 	: 	: 	: 
ICCS03012,M,NR,DK	70 	66 	58 	63 	72 	85 	79 	98 	99 	67 	65 
ICCS03012,M,NR,EE	16 	16 	17 	17 	: 	11 	: 	20 	: 	: 	: 
ICCS03012,M,NR,EL	206 	273 	197 	133 	171 	116 	167 	58 	112 	103 	92 
ICCS03012,M,NR,ES	1829 	1549 	1445 	915 	1211 	1026 	980 	1199 	1226 	1210 	1134 
ICCS03012,M,NR,FI	: 	: 	: 	131 	108 	106 	94 	98 	92 	98 	83 
ICCS03012,M,NR,FR	1090 	1094 	1042 	: 	: 	: 	: 	: 	: 	: 	: 
ICCS03012,M,NR,HR	124 	: 	: 	133 	107 	111 	151 	: 	133 	131 	116 
ICCS03012,M,NR,HU	76 	70 	: 	82 	95 	15 	: 	: 	: 	: 	: 
ICCS03012,M,NR,IS	0 	0 	: 	: 	: 	11 	: 	: 	: 	: 	: 
ICCS03012,M,NR,IT	: 	: 	: 	: 	595 	626 	620 	617 	596 	556 	508 
ICCS03012,M,NR,LI	: 	2 	1 	: 	: 	: 	: 	: 	: 	: 	: 
ICCS03012,M,NR,LT	23 	37 	98 	109 	: 	: 	: 	: 	: 	: 	: 
ICCS03012,M,NR,LU	: 	14 	42 	5 	9 	2 	13 	6 	: 	: 	: 
ICCS03012,M,NR,LV	158 	150 	133 	120 	109 	123 	: 	: 	: 	: 	: 
ICCS03012,M,NR,ME	2 	4 	5 	2 	4 	2 	0 	5 	3 	2 	1 
ICCS03012,M,NR,MT	: 	20 	39 	21 	4 	3 	: 	: 	: 	: 	: 
ICCS03012,M,NR,NO	: 	35 	21 	18 	15 	17 	28 	13 	11 	15 	15 
ICCS03012,M,NR,PL	2622 	2466 	2332 	: 	: 	: 	: 	: 	: 	: 	: 
ICCS03012,M,NR,PT	213 	278 	274 	324 	270 	258 	: 	: 	: 	: 	: 
ICCS03012,M,NR,RO	94 	204 	194 	162 	137 	129 	111 	91 	92 	85 	71 
ICCS03012,M,NR,RS	25 	34 	26 	33 	26 	27 	: 	: 	: 	: 	: 
ICCS03012,M,NR,SE	23 	19 	14 	11 	9 	15 	34 	26 	27 	31 	23 
ICCS03012,M,NR,SI	52 	6 	4 	: 	: 	: 	: 	: 	: 	: 	: 
ICCS03012,M,NR,SK	79 	68 	220 	219 	205 	: 	: 	: 	: 	: 	: 
ICCS03012,M,NR,TR	8845 	: 	: 	: 	: 	: 	: 	: 	: 	: 	: 
ICCS03012,M,NR,UKC-L	6311 	6231 	5848 	5247 	5393 	5070 	5157 	4825 	4688 	3660 	3344 
ICCS03012,M,NR,UKM	: 	: 	: 	: 	: 	45 	50 	55 	57 	27 	30 
ICCS03012,M,NR,UKN	79 	71 	66 	83 	88 	101 	97 	85 	111 	83 	: 
ICCS03012,M,NR,XK	14 	16 	: 	: 	: 	5 	: 	: 	: 	: 	: 
ICCS03012,M,P_HTHAB,AL	2.85 	2.68 	2.19 	3.90 	3.70 	: 	: 	0.91 	: 	1.77 	1.76 
ICCS03012,M,P_HTHAB,AT	3.43 	2.83 	2.64 	6.13 	6.93 	7.15 	6.83 	6.79 	6.07 	5.08 	5.10 
ICCS03012,M,P_HTHAB,BE	: 	: 	: 	: 	: 	: 	14.29 	13.46 	13.20 	14.12 	13.80 
ICCS03012,M,P_HTHAB,BG	4.21 	4.12 	4.43 	5.00 	4.88 	5.27 	4.82 	4.85 	4.59 	4.87 	4.81 
ICCS03012,M,P_HTHAB,CH	2.09 	1.96 	2.09 	1.91 	1.86 	2.04 	1.03 	0.81 	0.91 	0.91 	0.80 
ICCS03012,M,P_HTHAB,CZ	3.43 	3.75 	3.74 	3.38 	17.72 	14.46 	19.85 	20.03 	: 	: 	: 
ICCS03012,M,P_HTHAB,DE	3.45 	3.31 	5.68 	6.12 	6.25 	6.71 	: 	: 	: 	: 	: 
ICCS03012,M,P_HTHAB,DK	2.43 	2.31 	2.04 	2.24 	2.58 	3.06 	2.86 	3.56 	3.61 	2.45 	2.40 
ICCS03012,M,P_HTHAB,EE	2.58 	2.59 	2.76 	2.77 	: 	1.79 	: 	3.23 	: 	: 	: 
ICCS03012,M,P_HTHAB,EL	3.95 	5.23 	3.77 	2.52 	3.21 	2.16 	3.08 	1.06 	2.05 	1.89 	1.69 
ICCS03012,M,P_HTHAB,ES	7.99 	6.78 	6.34 	4.01 	5.29 	4.46 	4.24 	5.20 	5.33 	5.29 	5.02 
ICCS03012,M,P_HTHAB,FI	: 	: 	: 	4.87 	4.03 	3.98 	3.54 	3.71 	3.50 	3.75 	3.20 
ICCS03012,M,P_HTHAB,FR	3.37 	3.39 	3.23 	: 	: 	: 	: 	: 	: 	: 	: 
ICCS03012,M,P_HTHAB,HR	6.26 	: 	: 	6.52 	5.22 	5.40 	7.32 	: 	6.41 	6.31 	5.59 
ICCS03012,M,P_HTHAB,HU	1.63 	1.50 	: 	1.75 	2.02 	0.32 	: 	: 	: 	: 	: 
ICCS03012,M,P_HTHAB,IS	0.00 	0.00 	: 	: 	: 	6.81 	: 	: 	: 	: 	: 
ICCS03012,M,P_HTHAB,IT	: 	: 	: 	: 	2.02 	2.17 	2.16 	2.15 	2.08 	1.95 	1.79 
ICCS03012,M,P_HTHAB,LI	: 	10.67 	5.36 	: 	: 	: 	: 	: 	: 	: 	: 
ICCS03012,M,P_HTHAB,LT	1.77 	2.82 	7.37 	8.10 	: 	: 	: 	: 	: 	: 	: 
ICCS03012,M,P_HTHAB,LU	: 	4.72 	14.52 	1.77 	3.27 	0.75 	4.97 	2.36 	: 	: 	: 
ICCS03012,M,P_HTHAB,LV	17.76 	16.75 	14.71 	13.17 	11.89 	13.27 	: 	: 	: 	: 	: 
ICCS03012,M,P_HTHAB,ME	0.65 	1.30 	1.62 	0.65 	1.30 	0.65 	0.00 	1.63 	0.98 	0.66 	0.33 
ICCS03012,M,P_HTHAB,MT	: 	8.63 	17.93 	9.78 	1.88 	1.43 	: 	: 	: 	: 	: 
ICCS03012,M,P_HTHAB,NO	: 	1.32 	0.80 	0.69 	0.58 	0.67 	0.56 	0.26 	0.22 	0.31 	0.31 
ICCS03012,M,P_HTHAB,PL	14.27 	13.42 	12.69 	: 	: 	: 	: 	: 	: 	: 	: 
ICCS03012,M,P_HTHAB,PT	4.38 	5.69 	5.59 	6.58 	5.45 	5.16 	: 	: 	: 	: 	: 
ICCS03012,M,P_HTHAB,RO	0.98 	2.12 	2.01 	1.67 	1.41 	1.32 	1.08 	0.83 	0.84 	0.77 	0.64 
ICCS03012,M,P_HTHAB,RS	0.73 	0.99 	0.75 	0.95 	0.75 	0.77 	: 	: 	: 	: 	: 
ICCS03012,M,P_HTHAB,SE	0.45 	0.38 	0.28 	0.23 	0.19 	0.31 	0.72 	0.55 	0.58 	0.67 	0.50 
ICCS03012,M,P_HTHAB,SI	5.06 	0.59 	0.39 	: 	: 	: 	: 	: 	: 	: 	: 
ICCS03012,M,P_HTHAB,SK	2.97 	2.56 	8.31 	8.29 	7.77 	: 	: 	: 	: 	: 	: 
ICCS03012,M,P_HTHAB,TR	21.82 	: 	: 	: 	: 	: 	: 	: 	: 	: 	: 
ICCS03012,M,P_HTHAB,UKC-L	21.66 	21.54 	20.38 	18.45 	19.14 	18.14 	18.59 	17.54 	17.21 	13.55 	12.48 
ICCS03012,M,P_HTHAB,UKM	: 	: 	: 	: 	: 	1.74 	1.94 	2.15 	2.24 	1.07 	1.20 
ICCS03012,M,P_HTHAB,UKN	: 	: 	7.34 	9.37 	9.76 	11.27 	10.88 	9.58 	12.59 	9.49 	: 
ICCS03012,M,P_HTHAB,XK	1.58 	: 	: 	: 	: 	: 	: 	: 	: 	: 	: 
ICCS03012,T,NR,AL	41 	39 	32 	59 	56 	69 	42 	16 	22 	31 	29 
ICCS03012,T,NR,AT	149 	122 	113 	257 	289 	297 	283 	279 	248 	208 	207 
ICCS03012,T,NR,BA	64 	74 	48 	62 	49 	56 	: 	: 	: 	: 	: 
ICCS03012,T,NR,BE	: 	: 	: 	: 	: 	: 	786 	738 	715 	760 	738 
ICCS03012,T,NR,BG	144 	143 	156 	176 	173 	188 	172 	174 	166 	177 	176 
ICCS03012,T,NR,CH	88 	82 	87 	79 	75 	81 	82 	64 	71 	70 	62 
ICCS03012,T,NR,CY	: 	: 	: 	: 	: 	14 	14 	: 	: 	: 	: 
ICCS03012,T,NR,CZ	182 	199 	199 	181 	938 	921 	1050 	1051 	: 	: 	: 
ICCS03012,T,NR,DE	1427 	1358 	2333 	2455 	2496 	2668 	: 	: 	: 	: 	: 
ICCS03012,T,NR,DK	73 	67 	60 	65 	74 	86 	79 	101 	100 	69 	65 
ICCS03012,T,NR,EE	16 	16 	17 	17 	13 	11 	: 	20 	: 	4 	: 
ICCS03012,T,NR,EL	206 	273 	208 	136 	174 	118 	168 	59 	113 	104 	93 
ICCS03012,T,NR,ES	1869 	1564 	1448 	957 	1260 	1068 	1030 	1246 	1268 	1252 	1160 
ICCS03012,T,NR,FI	: 	: 	: 	133 	111 	109 	97 	105 	97 	99 	83 
ICCS03012,T,NR,FR	1097 	1101 	1047 	: 	: 	: 	: 	: 	: 	: 	: 
ICCS03012,T,NR,HR	125 	: 	: 	134 	109 	114 	153 	: 	134 	135 	120 
ICCS03012,T,NR,HU	80 	73 	: 	82 	96 	15 	: 	: 	: 	: 	: 
ICCS03012,T,NR,IS	0 	0 	: 	: 	: 	11 	: 	: 	: 	: 	: 
ICCS03012,T,NR,IT	: 	: 	: 	: 	645 	672 	666 	674 	662 	603 	560 
ICCS03012,T,NR,LI	: 	2 	1 	: 	: 	: 	: 	: 	: 	: 	: 
ICCS03012,T,NR,LT	24 	37 	99 	111 	: 	: 	: 	: 	: 	: 	: 
ICCS03012,T,NR,LU	: 	14 	43 	5 	9 	2 	13 	6 	: 	: 	: 
ICCS03012,T,NR,LV	162 	154 	135 	121 	110 	123 	: 	: 	: 	: 	: 
ICCS03012,T,NR,ME	2 	4 	5 	2 	4 	3 	0 	5 	3 	2 	1 
ICCS03012,T,NR,MT	: 	20 	39 	21 	4 	3 	: 	: 	: 	: 	: 
ICCS03012,T,NR,NO	: 	36 	21 	18 	15 	17 	28 	13 	11 	15 	15 
ICCS03012,T,NR,PL	2634 	2478 	2342 	783 	812 	774 	805 	856 	881 	999 	920 
ICCS03012,T,NR,PT	220 	282 	279 	324 	275 	266 	282 	259 	244 	211 	227 
ICCS03012,T,NR,RO	95 	206 	197 	164 	138 	130 	111 	91 	93 	86 	72 
ICCS03012,T,NR,RS	25 	34 	26 	33 	26 	27 	: 	: 	: 	: 	: 
ICCS03012,T,NR,SE	23 	20 	14 	11 	9 	15 	37 	27 	27 	31 	25 
ICCS03012,T,NR,SI	52 	6 	4 	73 	86 	81 	71 	77 	94 	93 	76 
ICCS03012,T,NR,SK	80 	70 	223 	221 	208 	205 	228 	149 	159 	128 	: 
ICCS03012,T,NR,TR	8877 	: 	: 	: 	: 	: 	: 	: 	: 	: 	: 
ICCS03012,T,NR,UKC-L	6421 	6323 	5935 	5315 	5468 	5132 	5228 	4899 	4762 	3711 	3381 
ICCS03012,T,NR,UKM	: 	: 	: 	: 	: 	45 	50 	55 	57 	27 	30 
ICCS03012,T,NR,UKN	80 	73 	67 	83 	88 	101 	97 	85 	111 	83 	: 
ICCS03012,T,NR,XK	15 	16 	: 	: 	: 	5 	: 	: 	: 	: 	: 
ICCS03012,T,P_HTHAB,AL	1.43 	1.36 	1.11 	2.04 	1.93 	: 	: 	0.57 	: 	0.97 	0.91 
ICCS03012,T,P_HTHAB,AT	1.69 	1.39 	1.30 	3.00 	3.40 	3.51 	3.37 	3.33 	2.97 	2.50 	2.49 
ICCS03012,T,P_HTHAB,BE	: 	: 	: 	: 	: 	: 	7.08 	6.71 	6.60 	7.07 	6.92 
ICCS03012,T,P_HTHAB,BG	2.04 	2.01 	2.18 	2.44 	2.39 	2.58 	2.35 	2.36 	2.24 	2.37 	2.34 
ICCS03012,T,P_HTHAB,CH	1.04 	0.97 	1.04 	0.96 	0.92 	1.01 	1.03 	0.81 	0.91 	0.91 	0.82 
ICCS03012,T,P_HTHAB,CY	: 	: 	: 	: 	: 	1.62 	1.62 	: 	: 	: 	: 
ICCS03012,T,P_HTHAB,CZ	1.72 	1.88 	1.89 	1.72 	8.92 	8.76 	9.99 	10.02 	: 	: 	: 
ICCS03012,T,P_HTHAB,DE	1.72 	1.65 	2.84 	3.02 	3.09 	3.31 	: 	: 	: 	: 	: 
ICCS03012,T,P_HTHAB,DK	1.26 	1.17 	1.05 	1.15 	1.32 	1.53 	1.42 	1.82 	1.81 	1.25 	1.19 
ICCS03012,T,P_HTHAB,EE	1.21 	1.22 	1.29 	1.29 	0.99 	0.83 	: 	1.50 	: 	0.30 	: 
ICCS03012,T,P_HTHAB,EL	1.92 	2.54 	1.93 	1.25 	1.59 	1.07 	1.52 	0.53 	1.02 	0.94 	0.84 
ICCS03012,T,P_HTHAB,ES	4.01 	3.36 	3.12 	2.06 	2.71 	2.29 	2.20 	2.67 	2.73 	2.71 	2.54 
ICCS03012,T,P_HTHAB,FI	: 	: 	: 	2.43 	2.04 	2.01 	1.80 	1.95 	1.81 	1.86 	1.57 
ICCS03012,T,P_HTHAB,FR	1.64 	1.65 	1.57 	: 	: 	: 	: 	: 	: 	: 	: 
ICCS03012,T,P_HTHAB,HR	3.04 	: 	: 	3.17 	2.57 	2.67 	3.58 	: 	3.11 	3.13 	2.78 
ICCS03012,T,P_HTHAB,HU	0.82 	0.75 	: 	0.83 	0.97 	0.15 	: 	: 	: 	: 	: 
ICCS03012,T,P_HTHAB,IS	0.00 	0.00 	: 	: 	: 	3.42 	: 	: 	: 	: 	: 
ICCS03012,T,P_HTHAB,IT	: 	: 	: 	: 	1.06 	1.13 	1.12 	1.14 	1.12 	1.02 	0.95 
ICCS03012,T,P_HTHAB,LI	: 	5.29 	2.66 	: 	: 	: 	: 	: 	: 	: 	: 
ICCS03012,T,P_HTHAB,LT	0.85 	1.30 	3.43 	3.80 	: 	: 	: 	: 	: 	: 	: 
ICCS03012,T,P_HTHAB,LU	: 	2.37 	7.46 	0.89 	1.64 	0.37 	2.48 	1.17 	: 	: 	: 
ICCS03012,T,P_HTHAB,LV	8.37 	7.90 	6.86 	6.09 	5.50 	6.08 	: 	: 	: 	: 	: 
ICCS03012,T,P_HTHAB,ME	0.32 	0.64 	0.80 	0.32 	0.64 	0.48 	0.00 	0.81 	0.48 	0.32 	0.16 
ICCS03012,T,P_HTHAB,MT	: 	4.35 	8.98 	4.89 	0.94 	0.71 	: 	: 	: 	: 	: 
ICCS03012,T,P_HTHAB,NO	: 	0.68 	0.40 	0.35 	0.29 	0.34 	0.56 	0.26 	0.22 	0.31 	0.31 
ICCS03012,T,P_HTHAB,PL	6.94 	6.53 	6.17 	2.06 	2.14 	2.03 	2.11 	2.25 	2.32 	2.62 	2.41 
ICCS03012,T,P_HTHAB,PT	2.14 	2.74 	2.70 	3.12 	2.64 	2.54 	2.67 	2.44 	2.30 	1.99 	2.15 
ICCS03012,T,P_HTHAB,RO	0.49 	1.05 	1.00 	0.83 	0.69 	0.65 	0.55 	0.42 	0.43 	0.42 	0.35 
ICCS03012,T,P_HTHAB,RS	0.36 	0.48 	0.37 	0.46 	0.36 	0.38 	: 	: 	: 	: 	: 
ICCS03012,T,P_HTHAB,SE	0.23 	0.20 	0.14 	0.11 	0.09 	0.16 	0.39 	0.29 	0.29 	0.33 	0.27 
ICCS03012,T,P_HTHAB,SI	2.52 	0.29 	0.19 	3.54 	4.17 	3.93 	3.45 	3.76 	4.59 	4.58 	3.78 
ICCS03012,T,P_HTHAB,SK	1.47 	1.29 	4.11 	4.08 	3.84 	3.79 	4.22 	2.76 	2.95 	2.38 	: 
ICCS03012,T,P_HTHAB,TR	10.98 	: 	: 	: 	: 	: 	: 	: 	: 	: 	: 
ICCS03012,T,P_HTHAB,UKC-L	10.89 	10.80 	10.21 	9.22 	9.56 	9.04 	9.27 	8.76 	8.59 	6.74 	6.19 
ICCS03012,T,P_HTHAB,UKM	: 	: 	: 	: 	: 	0.85 	0.94 	1.04 	1.09 	0.52 	0.58 
ICCS03012,T,P_HTHAB,UKN	: 	: 	3.66 	4.60 	4.79 	5.53 	5.33 	4.70 	6.17 	4.65 	: 
ICCS03012,T,P_HTHAB,XK	0.83 	: 	: 	: 	: 	: 	: 	: 	: 	: 	: 
